{"Foul-red card": -0.08726586791046528, "Foul-second yellow card": -0.03179901910236851, "Others on the ball-Touch-dangerous ball lost": -0.02484865405219713, "Others on the ball-Clearance": -0.012023995055932003, "Free Kick-Goal kick": -0.011312057272665202, "Free Kick-Free kick cross-not accurate": -0.010825816317375205, "Free Kick-Free kick cross-accurate": -0.010285620810830278, "Foul-yellow card": -0.008699646352911481, "Duel-Air duel-not accurate": -0.0065180601614556995, "Free Kick-Free Kick-accurate": -0.005554582101165198, "Foul": -0.004874360317044617, "Duel-Air duel-accurate": -0.004675506987243569, "Pass-Cross-accurate": -0.0039022203289529856, "Free Kick-Free kick shot-not accurate": -0.002957768608174771, "Pass-Cross-not accurate": -0.0029182742176334735, "Others on the ball-Touch-missed ball": -0.001521760608432879, "Pass-High pass-accurate": -0.0011761495254274904, "Pass-High pass-not accurate": -0.0010664218270674234, "Others on the ball-Acceleration-not accurate": -0.000889283331938032, "Pass-Head pass-not accurate": -0.0008006458044184002, "Pass-Simple pass-not accurate": -0.0007929985996311688, "Others on the ball-Touch": -0.0007415671669807757, "Others on the ball-Touch-interception": -0.0006154629685455722, "Duel-Ground loose ball duel-accurate": -0.0003207087077373443, "Free Kick-Throw in-accurate": -0.00028712121553874727, "Pass-Head pass-accurate": -0.00020774354500235808, "Pass-Cross-key pass": -6.690759415992138e-05, "Duel-Ground attacking duel-not accurate": 0.00022716772506954652, "Pass-Simple pass-accurate": 0.0002484540362574689, "Shot-Shot-not accurate": 0.0002780336198952826, "Duel-Ground defending duel-not accurate": 0.0003355565744874619, "Duel-Ground attacking duel-accurate": 0.0004707531765023906, "Pass-Smart pass-not accurate": 0.0005526589939257243, "Duel-Ground defending duel-accurate": 0.0005546777064093344, "Pass-Launch-accurate": 0.0008398365435037139, "Duel-Ground loose ball duel-not accurate": 0.0008472251793309666, "Others on the ball-Clearance-accurate": 0.0009515317891544206, "Pass-High pass-key pass": 0.0013579942957016307, "Free Kick-Throw in-not accurate": 0.0021739899127544795, "Others on the ball-Touch-opportunity": 0.002318957868105078, "Free Kick-Penalty-not accurate": 0.002469639645669607, "Pass-Launch-not accurate": 0.0026776438499739328, "Others on the ball-Acceleration-accurate": 0.00291597790004135, "Pass-Smart pass-accurate": 0.0032835272430576895, "Others on the ball-Touch-feint": 0.003400363615774937, "Free Kick-Corner-not accurate": 0.0034291249098300676, "Free Kick-Corner-accurate": 0.004127875473672352, "Others on the ball-Clearance-not accurate": 0.004259316766105313, "Pass-Smart pass-key pass": 0.00484427083300068, "Pass-Simple pass-key pass": 0.006074507743889542, "Pass-Head pass-key pass": 0.006988038221735834, "Others on the ball-Touch-counter attack": 0.007135640071221856, "Free Kick-Free Kick-not accurate": 0.013020631042103558, "Shot-Shot-accurate": 0.024418739877269155, "Free Kick-Free kick shot-accurate": 0.03161435809159093, "Pass-Smart pass-assist": 0.0784089046716547, "Pass-High pass-assist": 0.09431615886538033, "Free Kick-Penalty": 0.10536262490073005, "Pass-Cross-assist": 0.10830775200235702, "Pass-Simple pass-assist": 0.12020179721593055, "Pass-Head pass-assist": 0.1246380491466175}